[
  {},
  {
    "username": "kami",
    "email": "2408814978@qq.com",
    "password": "1234"
  },
  {
    "username": "kkami",
    "email": "2408814978@qq.com",
    "password": "1234"
  },
  {
    "username": "yyy",
    "email": "2408814978@qq.com",
    "password": "1234"
  },
  {
    "username": "kamii",
    "email": "2408814978@qq.com",
    "password": "1234"
  },
  {
    "username": "ymc",
    "email": "2408814978@qq.com",
    "password": "12345"
  },
  {
    "username": "testuser",
    "password": "password123"
  }
]